reservation_code,check_in,check_out
HMHK4YHE5E,2026-05-26,2026-05-29
HM9M5BN3WT,2026-05-20,2026-05-24
HMMWSM2HEJ,2026-05-15,2026-05-16
HMJCSPHW9J,2026-05-16,2026-05-17
HMBWWYFDSJ,2026-05-08,2026-05-09
HMDNQRRPEM,2026-04-30,2026-05-03
HMR9DRCD2Z,2026-04-24,2026-04-25
HMKSMFQBCK,2026-04-25,2026-04-26
HMQ4MEQMAE,2026-04-10,2026-04-12
HM284HQXMX,2026-04-04,2026-04-05
HMJHRX45ES,2026-03-30,2026-04-04
HMBQY9CMEZ,2026-03-28,2026-03-29
HMNTCC9ZNP,2026-03-20,2026-03-22
HMMXXDS4QX,2026-03-14,2026-03-15
HMTAP45CRQ,2026-03-12,2026-03-14
HMBNCS5ZA2,2026-03-06,2026-03-08
HMTKZN3FED,2026-03-04,2026-03-06
HM3HHM3A9X,2026-02-26,2026-02-28
HM3MTDZ5TN,2026-02-28,2026-03-01
HMCMTH5TKZ,2026-02-20,2026-02-26
HMYDAZ8PMZ,2026-02-16,2026-02-20
HME2RC4PMW,2026-02-15,2026-02-16
HM52WTEW2M,2026-02-13,2026-02-15
HMXZS28AEX,2026-02-12,2026-02-13
HM2AAW8XXH,2026-02-08,2026-02-12
HMJPWY2848,2026-02-06,2026-02-08
HM4C5KMD9Q,2026-02-03,2026-02-06
HMXFYYZMB8,2026-01-30,2026-02-03
HMQ8MJ4YCK,2026-01-28,2026-01-29
HMFXKA223Y,2026-01-23,2026-01-25
HMPW88WSQ5,2026-01-17,2026-01-19
HM45FQ2WCY,2026-01-13,2026-01-17
HMSBDAFA39,2026-01-08,2026-01-12
HMSPJ9ZPFC,2026-01-03,2026-01-04
HMH5C9XC4A,2026-01-04,2026-01-08
HMD94PQPP4,2025-12-30,2026-01-03
HMBDQTXS5Z,2025-12-29,2025-12-30
HMQREJXR9E,2025-12-27,2025-12-28
HMKPDNTRQH,2025-12-26,2025-12-27
HMRN8C4FDT,2025-12-24,2025-12-25
HME83BHM29,2025-12-20,2025-12-21
HM84DX4Z89,2025-12-18,2025-12-20
HMBMN4H8WS,2025-12-07,2025-12-08
HMJXES9FW9,2025-12-05,2025-12-06
HMPWRHZKYK,2025-12-06,2025-12-07
HMDQ9STAEC,2025-11-28,2025-11-30
HMS3T288DW,2025-11-21,2025-11-23
HM9HR4PSQN,2025-11-15,2025-11-16
HMZK4Q5AP2,2025-11-13,2025-11-15
HMBRFWBAF8,2025-11-10,2025-11-13
HMZEAK8BS3,2025-11-08,2025-11-09
HMCNT8DHB2,2025-11-07,2025-11-08
HMTXMJQ53F,2025-10-30,2025-11-02
HM5XX5J3H2,2025-10-24,2025-10-26
HMNZETKPES,2025-10-16,2025-10-18
HMKMKFYDJ8,2025-10-18,2025-10-19
HMDMTQKME5,2025-10-15,2025-10-16
HM2TB4ACY8,2025-10-11,2025-10-12
HMFP45WPC5,2025-10-10,2025-10-11
HM4YJPJDB2,2025-10-04,2025-10-05
HMPQ5D4PPZ,2025-10-03,2025-10-04
HM5PE45HYE,2025-09-26,2025-09-28
HMXSA4D4CJ,2025-09-23,2025-09-24
HMJPK2SAFK,2025-09-22,2025-09-23
HMSWFH2ZZZ,2025-09-19,2025-09-20
HMPWF98TFH,2025-09-20,2025-09-21
HM5XRR5MED,2025-09-17,2025-09-19
HMABHNDJZC,2025-09-14,2025-09-17
HMTKZRHMPC,2025-09-11,2025-09-13
HMXJQR8ZSF,2025-09-13,2025-09-14
HMRQHBR4RS,2025-09-05,2025-09-06
HMK3BYQNWT,2025-08-30,2025-08-31
HMBR9DBARA,2025-08-28,2025-08-29
HMYARQ8TSM,2025-08-27,2025-08-28
HMPRTEYJJ9,2025-08-25,2025-08-26
HM99XW82HH,2025-08-23,2025-08-24
HMJC9SJXTF,2025-08-21,2025-08-22
HM2C4R9AYE,2025-08-17,2025-08-18
HM4RZT9QKF,2025-08-14,2025-08-16
HM9XT2JPAD,2025-08-16,2025-08-17
HMHFXKJ5ND,2025-08-13,2025-08-14
HMT8SPC4AA,2025-08-08,2025-08-09
HM2WA4HJ3B,2025-08-09,2025-08-10
HMKCZ8ZDS9,2025-08-07,2025-08-08
HMKHRPJK5Q,2025-08-01,2025-08-02
HMWF44NFEW,2025-08-02,2025-08-03
HMB9Y2Q2M2,2025-07-29,2025-07-31
HMTCZQQKNK,2025-07-27,2025-07-29
HME2WA2ATN,2025-07-25,2025-07-27
HMJB9KJ8WS,2025-07-18,2025-07-20
HM9ZYHZMS2,2025-07-16,2025-07-18
HMFXZJYZZT,2025-07-15,2025-07-16
HMC9Q3ZCND,2025-07-14,2025-07-15
HMJ4ADECD4,2025-07-12,2025-07-13
HMATKYX8JM,2025-07-05,2025-07-06
HMDTCDZ2FF,2025-07-04,2025-07-05
HMCS4ZSZNE,2025-07-02,2025-07-04
HM39PEHACY,2025-06-28,2025-06-29
HM3FRHTCCW,2025-06-20,2025-06-22
HMHTTBYTNM,2025-05-31,2025-06-01
HMKM4P93NT,2025-05-23,2025-05-25
HM892B8BWM,2025-05-20,2025-05-21
HM3DCB9JCE,2025-05-19,2025-05-20
HMQWD2S9HR,2025-05-17,2025-05-18
HMDA54RQCZ,2025-05-01,2025-05-02
HMZTRCMSM2,2025-05-02,2025-05-04
HMT3PCYKRA,2025-04-27,2025-04-28
HMMXWXTFJ2,2025-04-25,2025-04-27
HMJMNW5FR4,2025-04-18,2025-04-20
HMNHKB3WCS,2025-04-12,2025-04-13
HMBWHWYFB3,2025-04-05,2025-04-06
HMW88R4FDX,2025-03-21,2025-03-24
HM4ZJKJWTH,2025-03-14,2025-03-15
HMYQ83JAKP,2025-03-15,2025-03-16
HMQENKNCTH,2025-03-09,2025-03-10
HMHTZBJ8TR,2025-03-07,2025-03-09
HMMJXFZA2R,2025-03-04,2025-03-05
HMARM53EN3,2025-02-28,2025-03-01
HMCFTPHFEP,2025-03-01,2025-03-04
HMYX4XK539,2025-02-15,2025-02-28
HMYTZBSJWN,2025-02-14,2025-02-15
HMXK4WYJMW,2025-02-06,2025-02-07
HMEYWAMDNY,2025-02-07,2025-02-08
HMB3EFCQ3W,2025-02-09,2025-02-14
HM8EXRQ9RN,2025-02-08,2025-02-09
HMN2PHS3QE,2025-02-02,2025-02-03
HMEJY9TZCS,2025-01-31,2025-02-02
HMPRD4AEA3,2025-01-24,2025-01-25
HM3XZH2JEF,2025-01-25,2025-01-26
HMB8W9HWEZ,2025-01-21,2025-01-24
HM38A4FCS9,2025-01-20,2025-01-21
HM4EANZC5Y,2025-01-19,2025-01-20
HMBTNRH2ED,2025-01-17,2025-01-19
HMR49SPRT5,2025-01-09,2025-01-17
HMB9BT5K34,2025-01-07,2025-01-08
HMXWNRT59T,2025-01-05,2025-01-07
HMA24QWNAT,2025-01-01,2025-01-04
HMTHKRJCDM,2024-12-27,2024-12-29
HM984SDN5C,2024-12-31,2025-01-01
HMBNJZE9RE,2024-12-25,2024-12-26
HMDC59MNT2,2024-12-24,2024-12-25
HM58PYYJ4N,2024-12-14,2024-12-15
HMSSYPY84Q,2024-12-13,2024-12-14
HMSBZNPT3D,2024-11-30,2024-12-01
HMYBECEEWC,2024-11-16,2024-11-17
HMRC9TM3DP,2024-11-09,2024-11-10
HM5JBT4HYC,2024-11-02,2024-11-03
HMNZBAFBKR,2024-10-31,2024-11-02
HMCN2BCYCJ,2024-10-18,2024-10-20
HM8AXRCX2H,2024-10-12,2024-10-13
HM249RXZRY,2024-10-05,2024-10-06
HM44YR8B83,2024-09-28,2024-09-29
HMZRQJW8XS,2024-09-22,2024-09-28
HMX2JM9MCS,2024-09-18,2024-09-21
HMYK5TAYHH,2024-09-14,2024-09-17
HMCPHZF3DS,2024-09-06,2024-09-07
HMQWBSQTDD,2024-08-31,2024-09-01
HMYMK42DYR,2024-08-24,2024-08-25
HMBDWZYTJY,2024-08-17,2024-08-18
HMN2JMDPHC,2024-08-15,2024-08-17
HMR49C5H9X,2024-08-03,2024-08-04
HMDM4W3Q5T,2024-06-17,2024-07-20
HM8JPCSJ84,2024-06-08,2024-06-09
HM9Y8MSDZM,2024-06-01,2024-06-02
HMJEPHW8JD,2024-05-25,2024-05-26
HMF2WRN2R5,2024-05-19,2024-05-21
HMJXABEDWR,2024-05-18,2024-05-19
HM4FWHDSCZ,2024-05-04,2024-05-06
HMQWYMYSZM,2024-05-01,2024-05-04
HM5CSN2DKZ,2024-04-26,2024-04-28
HMF4ZXHJRB,2024-04-20,2024-04-21
HMQRDRQ9B3,2024-03-28,2024-04-01
HMTFW5ABFN,2024-03-02,2024-03-03
HMSY5FQTYP,2024-02-24,2024-02-26
HMT99NYBQ9,2024-02-19,2024-02-24
HMD33PJFZ9,2024-02-16,2024-02-18
HMJQY3MXQP,2024-02-12,2024-02-16
HMAYFAXS92,2024-02-02,2024-02-04
HMY94D8EDH,2024-01-28,2024-01-29
HMZMBEDTMK,2024-01-26,2024-01-28
HMXCS3BTRX,2024-01-23,2024-01-25
HM2JFY2DW2,2024-01-11,2024-01-21
HMQZMZQB9F,2024-01-07,2024-01-08
HMX3J9ZFCQ,2024-01-05,2024-01-07
HMNWBMKDYE,2023-12-30,2024-01-02
HM3S93SCMC,2023-04-06,2023-04-09
HM92RY2T8E,2023-02-05,2023-02-12
HMR5EBKRCQ,2021-09-16,2021-09-19
HMR4HWRRN2,2021-08-27,2021-08-29
HMTF9F2XRZ,2021-08-19,2021-08-21
HM5KXRJEAX,2021-08-07,2021-08-15
HM4KXJADYM,2021-07-29,2021-08-01
HMQ4BYQMD5,2021-07-26,2021-07-28
HM34PSAPNE,2021-07-21,2021-07-26
HMTZSKK58C,2021-07-16,2021-07-21
HM4KNDY5M8,2021-07-13,2021-07-16
HMKSRBPTMJ,2021-07-09,2021-07-11
HM5MCX5TD5,2021-06-26,2021-06-28
HMRD4EQ4BQ,2021-06-10,2021-06-14
HMMF9Q229Z,2021-05-28,2021-05-30
HMA5RAFTQ8,2021-03-13,2021-03-14
HMNJWEZM3C,2021-03-12,2021-03-13
HMNPQ93JZ5,2021-03-11,2021-03-12
HMPATEHPPJ,2021-03-01,2021-03-10
HMHZDDB4EB,2021-02-19,2021-02-21
HM9SYM4TEE,2021-02-15,2021-02-18
HMWM2JT3WT,2021-02-08,2021-02-15
HM5HXNBHTZ,2021-02-02,2021-02-05
HMPRZPSBNK,2021-01-18,2021-01-26